"sample","time","biol.rep","Modified.aa","Oxidized_Peptides"
"MURI_16",3,"repeat 1","A",59
"MURI_16",3,"repeat 1","C",6
"MURI_16",3,"repeat 1","D",43
"MURI_16",3,"repeat 1","E",81
"MURI_16",3,"repeat 1","F",4
"MURI_16",3,"repeat 1","G",96
"MURI_16",3,"repeat 1","H",36
"MURI_16",3,"repeat 1","I",22
"MURI_16",3,"repeat 1","K",15
"MURI_16",3,"repeat 1","L",117
"MURI_16",3,"repeat 1","M",1562
"MURI_16",3,"repeat 1","N",29
"MURI_16",3,"repeat 1","P",103
"MURI_16",3,"repeat 1","Q",36
"MURI_16",3,"repeat 1","R",21
"MURI_16",3,"repeat 1","S",75
"MURI_16",3,"repeat 1","T",57
"MURI_16",3,"repeat 1","V",62
"MURI_16",3,"repeat 1","W",117
"MURI_16",3,"repeat 1","Y",17
"MURI_16",3,"repeat 1",NA,0
"MURI_17",4,"repeat 1","A",57
"MURI_17",4,"repeat 1","C",8
"MURI_17",4,"repeat 1","D",21
"MURI_17",4,"repeat 1","E",86
"MURI_17",4,"repeat 1","F",2
"MURI_17",4,"repeat 1","G",96
"MURI_17",4,"repeat 1","H",36
"MURI_17",4,"repeat 1","I",33
"MURI_17",4,"repeat 1","K",20
"MURI_17",4,"repeat 1","L",107
"MURI_17",4,"repeat 1","M",1560
"MURI_17",4,"repeat 1","N",44
"MURI_17",4,"repeat 1","P",104
"MURI_17",4,"repeat 1","Q",29
"MURI_17",4,"repeat 1","R",21
"MURI_17",4,"repeat 1","S",73
"MURI_17",4,"repeat 1","T",78
"MURI_17",4,"repeat 1","V",62
"MURI_17",4,"repeat 1","W",135
"MURI_17",4,"repeat 1","Y",13
"MURI_17",4,"repeat 1",NA,0
"MURI_18",5,"repeat 1","A",166
"MURI_18",5,"repeat 1","C",41
"MURI_18",5,"repeat 1","D",61
"MURI_18",5,"repeat 1","E",98
"MURI_18",5,"repeat 1","F",8
"MURI_18",5,"repeat 1","G",103
"MURI_18",5,"repeat 1","H",48
"MURI_18",5,"repeat 1","I",51
"MURI_18",5,"repeat 1","K",21
"MURI_18",5,"repeat 1","L",155
"MURI_18",5,"repeat 1","M",2351
"MURI_18",5,"repeat 1","N",66
"MURI_18",5,"repeat 1","P",128
"MURI_18",5,"repeat 1","Q",42
"MURI_18",5,"repeat 1","R",14
"MURI_18",5,"repeat 1","S",90
"MURI_18",5,"repeat 1","T",141
"MURI_18",5,"repeat 1","V",133
"MURI_18",5,"repeat 1","W",146
"MURI_18",5,"repeat 1","Y",20
"MURI_18",5,"repeat 1",NA,0
"MURI_19",6,"repeat 1","A",211
"MURI_19",6,"repeat 1","C",43
"MURI_19",6,"repeat 1","D",78
"MURI_19",6,"repeat 1","E",154
"MURI_19",6,"repeat 1","F",28
"MURI_19",6,"repeat 1","G",149
"MURI_19",6,"repeat 1","H",42
"MURI_19",6,"repeat 1","I",66
"MURI_19",6,"repeat 1","K",26
"MURI_19",6,"repeat 1","L",121
"MURI_19",6,"repeat 1","M",2994
"MURI_19",6,"repeat 1","N",94
"MURI_19",6,"repeat 1","P",138
"MURI_19",6,"repeat 1","Q",61
"MURI_19",6,"repeat 1","R",13
"MURI_19",6,"repeat 1","S",114
"MURI_19",6,"repeat 1","T",122
"MURI_19",6,"repeat 1","V",175
"MURI_19",6,"repeat 1","W",269
"MURI_19",6,"repeat 1","Y",27
"MURI_19",6,"repeat 1",NA,0
"MURI_20",8,"repeat 1","A",239
"MURI_20",8,"repeat 1","C",42
"MURI_20",8,"repeat 1","D",89
"MURI_20",8,"repeat 1","E",214
"MURI_20",8,"repeat 1","F",31
"MURI_20",8,"repeat 1","G",216
"MURI_20",8,"repeat 1","H",76
"MURI_20",8,"repeat 1","I",58
"MURI_20",8,"repeat 1","K",42
"MURI_20",8,"repeat 1","L",98
"MURI_20",8,"repeat 1","M",3207
"MURI_20",8,"repeat 1","N",99
"MURI_20",8,"repeat 1","P",135
"MURI_20",8,"repeat 1","Q",109
"MURI_20",8,"repeat 1","R",23
"MURI_20",8,"repeat 1","S",124
"MURI_20",8,"repeat 1","T",160
"MURI_20",8,"repeat 1","V",156
"MURI_20",8,"repeat 1","W",482
"MURI_20",8,"repeat 1","Y",28
"MURI_20",8,"repeat 1",NA,0
"MURI_21",24,"repeat 1","A",133
"MURI_21",24,"repeat 1","C",17
"MURI_21",24,"repeat 1","D",85
"MURI_21",24,"repeat 1","E",159
"MURI_21",24,"repeat 1","F",17
"MURI_21",24,"repeat 1","G",153
"MURI_21",24,"repeat 1","H",45
"MURI_21",24,"repeat 1","I",35
"MURI_21",24,"repeat 1","K",26
"MURI_21",24,"repeat 1","L",94
"MURI_21",24,"repeat 1","M",2393
"MURI_21",24,"repeat 1","N",83
"MURI_21",24,"repeat 1","P",86
"MURI_21",24,"repeat 1","Q",63
"MURI_21",24,"repeat 1","R",15
"MURI_21",24,"repeat 1","S",86
"MURI_21",24,"repeat 1","T",180
"MURI_21",24,"repeat 1","V",69
"MURI_21",24,"repeat 1","W",331
"MURI_21",24,"repeat 1","Y",22
"MURI_21",24,"repeat 1",NA,0
"MURI_22",48,"repeat 1","A",120
"MURI_22",48,"repeat 1","C",33
"MURI_22",48,"repeat 1","D",58
"MURI_22",48,"repeat 1","E",68
"MURI_22",48,"repeat 1","F",10
"MURI_22",48,"repeat 1","G",54
"MURI_22",48,"repeat 1","H",42
"MURI_22",48,"repeat 1","I",34
"MURI_22",48,"repeat 1","K",22
"MURI_22",48,"repeat 1","L",64
"MURI_22",48,"repeat 1","M",1815
"MURI_22",48,"repeat 1","N",49
"MURI_22",48,"repeat 1","P",55
"MURI_22",48,"repeat 1","Q",45
"MURI_22",48,"repeat 1","R",9
"MURI_22",48,"repeat 1","S",62
"MURI_22",48,"repeat 1","T",133
"MURI_22",48,"repeat 1","V",82
"MURI_22",48,"repeat 1","W",103
"MURI_22",48,"repeat 1","Y",16
"MURI_22",48,"repeat 1",NA,0
"MURI_23",168,"repeat 1","A",150
"MURI_23",168,"repeat 1","C",38
"MURI_23",168,"repeat 1","D",58
"MURI_23",168,"repeat 1","E",84
"MURI_23",168,"repeat 1","F",6
"MURI_23",168,"repeat 1","G",70
"MURI_23",168,"repeat 1","H",35
"MURI_23",168,"repeat 1","I",36
"MURI_23",168,"repeat 1","K",42
"MURI_23",168,"repeat 1","L",128
"MURI_23",168,"repeat 1","M",2127
"MURI_23",168,"repeat 1","N",75
"MURI_23",168,"repeat 1","P",78
"MURI_23",168,"repeat 1","Q",32
"MURI_23",168,"repeat 1","R",13
"MURI_23",168,"repeat 1","S",57
"MURI_23",168,"repeat 1","T",132
"MURI_23",168,"repeat 1","V",91
"MURI_23",168,"repeat 1","W",97
"MURI_23",168,"repeat 1","Y",18
"MURI_23",168,"repeat 1",NA,0
"MURI_24",336,"repeat 1","A",113
"MURI_24",336,"repeat 1","C",11
"MURI_24",336,"repeat 1","D",43
"MURI_24",336,"repeat 1","E",76
"MURI_24",336,"repeat 1","F",5
"MURI_24",336,"repeat 1","G",70
"MURI_24",336,"repeat 1","H",35
"MURI_24",336,"repeat 1","I",38
"MURI_24",336,"repeat 1","K",10
"MURI_24",336,"repeat 1","L",63
"MURI_24",336,"repeat 1","M",1755
"MURI_24",336,"repeat 1","N",38
"MURI_24",336,"repeat 1","P",58
"MURI_24",336,"repeat 1","Q",51
"MURI_24",336,"repeat 1","R",3
"MURI_24",336,"repeat 1","S",48
"MURI_24",336,"repeat 1","T",112
"MURI_24",336,"repeat 1","V",98
"MURI_24",336,"repeat 1","W",62
"MURI_24",336,"repeat 1","Y",15
"MURI_24",336,"repeat 1",NA,0
"MURI_25",3,"repeat 2","A",52
"MURI_25",3,"repeat 2","C",3
"MURI_25",3,"repeat 2","D",62
"MURI_25",3,"repeat 2","E",77
"MURI_25",3,"repeat 2","F",8
"MURI_25",3,"repeat 2","G",89
"MURI_25",3,"repeat 2","H",10
"MURI_25",3,"repeat 2","I",21
"MURI_25",3,"repeat 2","K",19
"MURI_25",3,"repeat 2","L",137
"MURI_25",3,"repeat 2","M",1849
"MURI_25",3,"repeat 2","N",53
"MURI_25",3,"repeat 2","P",88
"MURI_25",3,"repeat 2","Q",34
"MURI_25",3,"repeat 2","R",17
"MURI_25",3,"repeat 2","S",68
"MURI_25",3,"repeat 2","T",47
"MURI_25",3,"repeat 2","V",36
"MURI_25",3,"repeat 2","W",86
"MURI_25",3,"repeat 2","Y",13
"MURI_25",3,"repeat 2",NA,0
"MURI_26",4,"repeat 2","A",105
"MURI_26",4,"repeat 2","C",16
"MURI_26",4,"repeat 2","D",46
"MURI_26",4,"repeat 2","E",105
"MURI_26",4,"repeat 2","F",6
"MURI_26",4,"repeat 2","G",130
"MURI_26",4,"repeat 2","H",19
"MURI_26",4,"repeat 2","I",29
"MURI_26",4,"repeat 2","K",20
"MURI_26",4,"repeat 2","L",50
"MURI_26",4,"repeat 2","M",2179
"MURI_26",4,"repeat 2","N",63
"MURI_26",4,"repeat 2","P",95
"MURI_26",4,"repeat 2","Q",39
"MURI_26",4,"repeat 2","R",18
"MURI_26",4,"repeat 2","S",61
"MURI_26",4,"repeat 2","T",59
"MURI_26",4,"repeat 2","V",60
"MURI_26",4,"repeat 2","W",161
"MURI_26",4,"repeat 2","Y",9
"MURI_26",4,"repeat 2",NA,0
"MURI_27",5,"repeat 2","A",89
"MURI_27",5,"repeat 2","C",13
"MURI_27",5,"repeat 2","D",42
"MURI_27",5,"repeat 2","E",110
"MURI_27",5,"repeat 2","F",7
"MURI_27",5,"repeat 2","G",127
"MURI_27",5,"repeat 2","H",17
"MURI_27",5,"repeat 2","I",35
"MURI_27",5,"repeat 2","K",19
"MURI_27",5,"repeat 2","L",120
"MURI_27",5,"repeat 2","M",2624
"MURI_27",5,"repeat 2","N",64
"MURI_27",5,"repeat 2","P",83
"MURI_27",5,"repeat 2","Q",44
"MURI_27",5,"repeat 2","R",9
"MURI_27",5,"repeat 2","S",76
"MURI_27",5,"repeat 2","T",53
"MURI_27",5,"repeat 2","V",74
"MURI_27",5,"repeat 2","W",169
"MURI_27",5,"repeat 2","Y",14
"MURI_27",5,"repeat 2",NA,0
"MURI_28",6,"repeat 2","A",86
"MURI_28",6,"repeat 2","C",19
"MURI_28",6,"repeat 2","D",49
"MURI_28",6,"repeat 2","E",108
"MURI_28",6,"repeat 2","F",15
"MURI_28",6,"repeat 2","G",136
"MURI_28",6,"repeat 2","H",20
"MURI_28",6,"repeat 2","I",33
"MURI_28",6,"repeat 2","K",14
"MURI_28",6,"repeat 2","L",60
"MURI_28",6,"repeat 2","M",2209
"MURI_28",6,"repeat 2","N",42
"MURI_28",6,"repeat 2","P",91
"MURI_28",6,"repeat 2","Q",38
"MURI_28",6,"repeat 2","R",14
"MURI_28",6,"repeat 2","S",76
"MURI_28",6,"repeat 2","T",47
"MURI_28",6,"repeat 2","V",70
"MURI_28",6,"repeat 2","W",196
"MURI_28",6,"repeat 2","Y",8
"MURI_28",6,"repeat 2",NA,0
"MURI_29",8,"repeat 2","A",99
"MURI_29",8,"repeat 2","C",17
"MURI_29",8,"repeat 2","D",50
"MURI_29",8,"repeat 2","E",119
"MURI_29",8,"repeat 2","F",26
"MURI_29",8,"repeat 2","G",191
"MURI_29",8,"repeat 2","H",13
"MURI_29",8,"repeat 2","I",33
"MURI_29",8,"repeat 2","K",22
"MURI_29",8,"repeat 2","L",71
"MURI_29",8,"repeat 2","M",2277
"MURI_29",8,"repeat 2","N",51
"MURI_29",8,"repeat 2","P",86
"MURI_29",8,"repeat 2","Q",51
"MURI_29",8,"repeat 2","R",13
"MURI_29",8,"repeat 2","S",67
"MURI_29",8,"repeat 2","T",70
"MURI_29",8,"repeat 2","V",86
"MURI_29",8,"repeat 2","W",364
"MURI_29",8,"repeat 2","Y",30
"MURI_29",8,"repeat 2",NA,0
"MURI_30",24,"repeat 2","A",58
"MURI_30",24,"repeat 2","C",8
"MURI_30",24,"repeat 2","D",55
"MURI_30",24,"repeat 2","E",109
"MURI_30",24,"repeat 2","F",13
"MURI_30",24,"repeat 2","G",134
"MURI_30",24,"repeat 2","H",16
"MURI_30",24,"repeat 2","I",22
"MURI_30",24,"repeat 2","K",24
"MURI_30",24,"repeat 2","L",55
"MURI_30",24,"repeat 2","M",1704
"MURI_30",24,"repeat 2","N",37
"MURI_30",24,"repeat 2","P",46
"MURI_30",24,"repeat 2","Q",32
"MURI_30",24,"repeat 2","R",12
"MURI_30",24,"repeat 2","S",36
"MURI_30",24,"repeat 2","T",64
"MURI_30",24,"repeat 2","V",56
"MURI_30",24,"repeat 2","W",288
"MURI_30",24,"repeat 2","Y",17
"MURI_30",24,"repeat 2",NA,0
"MURI_31",48,"repeat 2","A",21
"MURI_31",48,"repeat 2","C",11
"MURI_31",48,"repeat 2","D",25
"MURI_31",48,"repeat 2","E",55
"MURI_31",48,"repeat 2","F",3
"MURI_31",48,"repeat 2","G",43
"MURI_31",48,"repeat 2","H",3
"MURI_31",48,"repeat 2","I",20
"MURI_31",48,"repeat 2","K",2
"MURI_31",48,"repeat 2","L",33
"MURI_31",48,"repeat 2","M",1051
"MURI_31",48,"repeat 2","N",20
"MURI_31",48,"repeat 2","P",39
"MURI_31",48,"repeat 2","Q",11
"MURI_31",48,"repeat 2","R",5
"MURI_31",48,"repeat 2","S",35
"MURI_31",48,"repeat 2","T",36
"MURI_31",48,"repeat 2","V",37
"MURI_31",48,"repeat 2","W",70
"MURI_31",48,"repeat 2","Y",16
"MURI_31",48,"repeat 2",NA,0
"MURI_32",168,"repeat 2","A",36
"MURI_32",168,"repeat 2","C",2
"MURI_32",168,"repeat 2","D",36
"MURI_32",168,"repeat 2","E",63
"MURI_32",168,"repeat 2","F",2
"MURI_32",168,"repeat 2","G",29
"MURI_32",168,"repeat 2","H",8
"MURI_32",168,"repeat 2","I",23
"MURI_32",168,"repeat 2","K",7
"MURI_32",168,"repeat 2","L",27
"MURI_32",168,"repeat 2","M",899
"MURI_32",168,"repeat 2","N",18
"MURI_32",168,"repeat 2","P",45
"MURI_32",168,"repeat 2","Q",14
"MURI_32",168,"repeat 2","R",7
"MURI_32",168,"repeat 2","S",23
"MURI_32",168,"repeat 2","T",21
"MURI_32",168,"repeat 2","V",28
"MURI_32",168,"repeat 2","W",64
"MURI_32",168,"repeat 2","Y",3
"MURI_32",168,"repeat 2",NA,0
"MURI_33",336,"repeat 2","A",52
"MURI_33",336,"repeat 2","C",3
"MURI_33",336,"repeat 2","D",34
"MURI_33",336,"repeat 2","E",49
"MURI_33",336,"repeat 2","F",3
"MURI_33",336,"repeat 2","G",37
"MURI_33",336,"repeat 2","H",7
"MURI_33",336,"repeat 2","I",23
"MURI_33",336,"repeat 2","K",13
"MURI_33",336,"repeat 2","L",62
"MURI_33",336,"repeat 2","M",1075
"MURI_33",336,"repeat 2","N",14
"MURI_33",336,"repeat 2","P",54
"MURI_33",336,"repeat 2","Q",18
"MURI_33",336,"repeat 2","R",1
"MURI_33",336,"repeat 2","S",29
"MURI_33",336,"repeat 2","T",42
"MURI_33",336,"repeat 2","V",29
"MURI_33",336,"repeat 2","W",45
"MURI_33",336,"repeat 2","Y",20
"MURI_33",336,"repeat 2",NA,0
"MURI_97",3,"repeat 3","A",84
"MURI_97",3,"repeat 3","C",16
"MURI_97",3,"repeat 3","D",56
"MURI_97",3,"repeat 3","E",113
"MURI_97",3,"repeat 3","F",20
"MURI_97",3,"repeat 3","G",147
"MURI_97",3,"repeat 3","H",14
"MURI_97",3,"repeat 3","I",39
"MURI_97",3,"repeat 3","K",13
"MURI_97",3,"repeat 3","L",98
"MURI_97",3,"repeat 3","M",1429
"MURI_97",3,"repeat 3","N",45
"MURI_97",3,"repeat 3","P",156
"MURI_97",3,"repeat 3","Q",41
"MURI_97",3,"repeat 3","R",21
"MURI_97",3,"repeat 3","S",58
"MURI_97",3,"repeat 3","T",55
"MURI_97",3,"repeat 3","V",98
"MURI_97",3,"repeat 3","W",226
"MURI_97",3,"repeat 3","Y",31
"MURI_97",3,"repeat 3",NA,0
"MURI_98",4,"repeat 3","A",147
"MURI_98",4,"repeat 3","C",21
"MURI_98",4,"repeat 3","D",87
"MURI_98",4,"repeat 3","E",188
"MURI_98",4,"repeat 3","F",29
"MURI_98",4,"repeat 3","G",228
"MURI_98",4,"repeat 3","H",42
"MURI_98",4,"repeat 3","I",63
"MURI_98",4,"repeat 3","K",32
"MURI_98",4,"repeat 3","L",140
"MURI_98",4,"repeat 3","M",2428
"MURI_98",4,"repeat 3","N",89
"MURI_98",4,"repeat 3","P",306
"MURI_98",4,"repeat 3","Q",79
"MURI_98",4,"repeat 3","R",31
"MURI_98",4,"repeat 3","S",134
"MURI_98",4,"repeat 3","T",112
"MURI_98",4,"repeat 3","V",141
"MURI_98",4,"repeat 3","W",295
"MURI_98",4,"repeat 3","Y",34
"MURI_98",4,"repeat 3",NA,0
"MURI_99",5,"repeat 3","A",93
"MURI_99",5,"repeat 3","C",13
"MURI_99",5,"repeat 3","D",48
"MURI_99",5,"repeat 3","E",114
"MURI_99",5,"repeat 3","F",34
"MURI_99",5,"repeat 3","G",151
"MURI_99",5,"repeat 3","H",26
"MURI_99",5,"repeat 3","I",29
"MURI_99",5,"repeat 3","K",15
"MURI_99",5,"repeat 3","L",87
"MURI_99",5,"repeat 3","M",1849
"MURI_99",5,"repeat 3","N",72
"MURI_99",5,"repeat 3","P",147
"MURI_99",5,"repeat 3","Q",40
"MURI_99",5,"repeat 3","R",25
"MURI_99",5,"repeat 3","S",76
"MURI_99",5,"repeat 3","T",52
"MURI_99",5,"repeat 3","V",93
"MURI_99",5,"repeat 3","W",72
"MURI_99",5,"repeat 3","Y",26
"MURI_99",5,"repeat 3",NA,0
"MURI_100",6,"repeat 3","A",176
"MURI_100",6,"repeat 3","C",19
"MURI_100",6,"repeat 3","D",90
"MURI_100",6,"repeat 3","E",152
"MURI_100",6,"repeat 3","F",40
"MURI_100",6,"repeat 3","G",231
"MURI_100",6,"repeat 3","H",36
"MURI_100",6,"repeat 3","I",56
"MURI_100",6,"repeat 3","K",19
"MURI_100",6,"repeat 3","L",137
"MURI_100",6,"repeat 3","M",2761
"MURI_100",6,"repeat 3","N",71
"MURI_100",6,"repeat 3","P",273
"MURI_100",6,"repeat 3","Q",85
"MURI_100",6,"repeat 3","R",31
"MURI_100",6,"repeat 3","S",95
"MURI_100",6,"repeat 3","T",106
"MURI_100",6,"repeat 3","V",154
"MURI_100",6,"repeat 3","W",98
"MURI_100",6,"repeat 3","Y",25
"MURI_100",6,"repeat 3",NA,0
"MURI_101",8,"repeat 3","A",171
"MURI_101",8,"repeat 3","C",12
"MURI_101",8,"repeat 3","D",86
"MURI_101",8,"repeat 3","E",147
"MURI_101",8,"repeat 3","F",40
"MURI_101",8,"repeat 3","G",204
"MURI_101",8,"repeat 3","H",31
"MURI_101",8,"repeat 3","I",54
"MURI_101",8,"repeat 3","K",19
"MURI_101",8,"repeat 3","L",117
"MURI_101",8,"repeat 3","M",2243
"MURI_101",8,"repeat 3","N",84
"MURI_101",8,"repeat 3","P",199
"MURI_101",8,"repeat 3","Q",53
"MURI_101",8,"repeat 3","R",30
"MURI_101",8,"repeat 3","S",69
"MURI_101",8,"repeat 3","T",79
"MURI_101",8,"repeat 3","V",118
"MURI_101",8,"repeat 3","W",74
"MURI_101",8,"repeat 3","Y",19
"MURI_101",8,"repeat 3",NA,0
"MURI_102",24,"repeat 3","A",343
"MURI_102",24,"repeat 3","C",30
"MURI_102",24,"repeat 3","D",170
"MURI_102",24,"repeat 3","E",235
"MURI_102",24,"repeat 3","F",65
"MURI_102",24,"repeat 3","G",396
"MURI_102",24,"repeat 3","H",80
"MURI_102",24,"repeat 3","I",115
"MURI_102",24,"repeat 3","K",66
"MURI_102",24,"repeat 3","L",217
"MURI_102",24,"repeat 3","M",4745
"MURI_102",24,"repeat 3","N",136
"MURI_102",24,"repeat 3","P",433
"MURI_102",24,"repeat 3","Q",197
"MURI_102",24,"repeat 3","R",53
"MURI_102",24,"repeat 3","S",128
"MURI_102",24,"repeat 3","T",183
"MURI_102",24,"repeat 3","V",237
"MURI_102",24,"repeat 3","W",80
"MURI_102",24,"repeat 3","Y",47
"MURI_102",24,"repeat 3",NA,0
"MURI_103",48,"repeat 3","A",98
"MURI_103",48,"repeat 3","C",12
"MURI_103",48,"repeat 3","D",65
"MURI_103",48,"repeat 3","E",190
"MURI_103",48,"repeat 3","F",24
"MURI_103",48,"repeat 3","G",186
"MURI_103",48,"repeat 3","H",19
"MURI_103",48,"repeat 3","I",46
"MURI_103",48,"repeat 3","K",18
"MURI_103",48,"repeat 3","L",122
"MURI_103",48,"repeat 3","M",1907
"MURI_103",48,"repeat 3","N",46
"MURI_103",48,"repeat 3","P",215
"MURI_103",48,"repeat 3","Q",60
"MURI_103",48,"repeat 3","R",24
"MURI_103",48,"repeat 3","S",79
"MURI_103",48,"repeat 3","T",79
"MURI_103",48,"repeat 3","V",98
"MURI_103",48,"repeat 3","W",103
"MURI_103",48,"repeat 3","Y",29
"MURI_103",48,"repeat 3",NA,0
"MURI_104",168,"repeat 3","A",239
"MURI_104",168,"repeat 3","C",17
"MURI_104",168,"repeat 3","D",110
"MURI_104",168,"repeat 3","E",198
"MURI_104",168,"repeat 3","F",50
"MURI_104",168,"repeat 3","G",300
"MURI_104",168,"repeat 3","H",64
"MURI_104",168,"repeat 3","I",79
"MURI_104",168,"repeat 3","K",46
"MURI_104",168,"repeat 3","L",171
"MURI_104",168,"repeat 3","M",3118
"MURI_104",168,"repeat 3","N",72
"MURI_104",168,"repeat 3","P",351
"MURI_104",168,"repeat 3","Q",122
"MURI_104",168,"repeat 3","R",40
"MURI_104",168,"repeat 3","S",105
"MURI_104",168,"repeat 3","T",138
"MURI_104",168,"repeat 3","V",146
"MURI_104",168,"repeat 3","W",104
"MURI_104",168,"repeat 3","Y",55
"MURI_104",168,"repeat 3",NA,0
"MURI_105",336,"repeat 3","A",222
"MURI_105",336,"repeat 3","C",9
"MURI_105",336,"repeat 3","D",105
"MURI_105",336,"repeat 3","E",194
"MURI_105",336,"repeat 3","F",52
"MURI_105",336,"repeat 3","G",253
"MURI_105",336,"repeat 3","H",42
"MURI_105",336,"repeat 3","I",58
"MURI_105",336,"repeat 3","K",50
"MURI_105",336,"repeat 3","L",177
"MURI_105",336,"repeat 3","M",3226
"MURI_105",336,"repeat 3","N",97
"MURI_105",336,"repeat 3","P",367
"MURI_105",336,"repeat 3","Q",82
"MURI_105",336,"repeat 3","R",41
"MURI_105",336,"repeat 3","S",138
"MURI_105",336,"repeat 3","T",108
"MURI_105",336,"repeat 3","V",158
"MURI_105",336,"repeat 3","W",101
"MURI_105",336,"repeat 3","Y",44
"MURI_105",336,"repeat 3",NA,0
