"sample","time","biol.rep","Modified.aa","Acetylated_Peptides"
"MURI_16",3,"repeat 1","A",18
"MURI_16",3,"repeat 1","C",0
"MURI_16",3,"repeat 1","D",0
"MURI_16",3,"repeat 1","E",0
"MURI_16",3,"repeat 1","F",0
"MURI_16",3,"repeat 1","G",0
"MURI_16",3,"repeat 1","H",0
"MURI_16",3,"repeat 1","I",0
"MURI_16",3,"repeat 1","K",0
"MURI_16",3,"repeat 1","L",0
"MURI_16",3,"repeat 1","M",0
"MURI_16",3,"repeat 1","N",0
"MURI_16",3,"repeat 1","P",0
"MURI_16",3,"repeat 1","Q",0
"MURI_16",3,"repeat 1","R",0
"MURI_16",3,"repeat 1","S",64
"MURI_16",3,"repeat 1","T",0
"MURI_16",3,"repeat 1","V",0
"MURI_16",3,"repeat 1","W",0
"MURI_16",3,"repeat 1","Y",0
"MURI_16",3,"repeat 1",NA,0
"MURI_17",4,"repeat 1","A",18
"MURI_17",4,"repeat 1","C",0
"MURI_17",4,"repeat 1","D",0
"MURI_17",4,"repeat 1","E",0
"MURI_17",4,"repeat 1","F",0
"MURI_17",4,"repeat 1","G",0
"MURI_17",4,"repeat 1","H",0
"MURI_17",4,"repeat 1","I",0
"MURI_17",4,"repeat 1","K",0
"MURI_17",4,"repeat 1","L",0
"MURI_17",4,"repeat 1","M",0
"MURI_17",4,"repeat 1","N",0
"MURI_17",4,"repeat 1","P",0
"MURI_17",4,"repeat 1","Q",0
"MURI_17",4,"repeat 1","R",0
"MURI_17",4,"repeat 1","S",60
"MURI_17",4,"repeat 1","T",0
"MURI_17",4,"repeat 1","V",2
"MURI_17",4,"repeat 1","W",0
"MURI_17",4,"repeat 1","Y",0
"MURI_17",4,"repeat 1",NA,0
"MURI_18",5,"repeat 1","A",18
"MURI_18",5,"repeat 1","C",0
"MURI_18",5,"repeat 1","D",0
"MURI_18",5,"repeat 1","E",0
"MURI_18",5,"repeat 1","F",0
"MURI_18",5,"repeat 1","G",0
"MURI_18",5,"repeat 1","H",0
"MURI_18",5,"repeat 1","I",0
"MURI_18",5,"repeat 1","K",0
"MURI_18",5,"repeat 1","L",0
"MURI_18",5,"repeat 1","M",0
"MURI_18",5,"repeat 1","N",0
"MURI_18",5,"repeat 1","P",0
"MURI_18",5,"repeat 1","Q",0
"MURI_18",5,"repeat 1","R",0
"MURI_18",5,"repeat 1","S",64
"MURI_18",5,"repeat 1","T",0
"MURI_18",5,"repeat 1","V",0
"MURI_18",5,"repeat 1","W",0
"MURI_18",5,"repeat 1","Y",0
"MURI_18",5,"repeat 1",NA,0
"MURI_19",6,"repeat 1","A",16
"MURI_19",6,"repeat 1","C",0
"MURI_19",6,"repeat 1","D",0
"MURI_19",6,"repeat 1","E",0
"MURI_19",6,"repeat 1","F",0
"MURI_19",6,"repeat 1","G",0
"MURI_19",6,"repeat 1","H",0
"MURI_19",6,"repeat 1","I",0
"MURI_19",6,"repeat 1","K",0
"MURI_19",6,"repeat 1","L",0
"MURI_19",6,"repeat 1","M",0
"MURI_19",6,"repeat 1","N",0
"MURI_19",6,"repeat 1","P",0
"MURI_19",6,"repeat 1","Q",0
"MURI_19",6,"repeat 1","R",0
"MURI_19",6,"repeat 1","S",53
"MURI_19",6,"repeat 1","T",0
"MURI_19",6,"repeat 1","V",2
"MURI_19",6,"repeat 1","W",0
"MURI_19",6,"repeat 1","Y",0
"MURI_19",6,"repeat 1",NA,0
"MURI_20",8,"repeat 1","A",16
"MURI_20",8,"repeat 1","C",0
"MURI_20",8,"repeat 1","D",0
"MURI_20",8,"repeat 1","E",0
"MURI_20",8,"repeat 1","F",0
"MURI_20",8,"repeat 1","G",0
"MURI_20",8,"repeat 1","H",0
"MURI_20",8,"repeat 1","I",0
"MURI_20",8,"repeat 1","K",0
"MURI_20",8,"repeat 1","L",0
"MURI_20",8,"repeat 1","M",0
"MURI_20",8,"repeat 1","N",0
"MURI_20",8,"repeat 1","P",0
"MURI_20",8,"repeat 1","Q",0
"MURI_20",8,"repeat 1","R",0
"MURI_20",8,"repeat 1","S",100
"MURI_20",8,"repeat 1","T",0
"MURI_20",8,"repeat 1","V",0
"MURI_20",8,"repeat 1","W",0
"MURI_20",8,"repeat 1","Y",0
"MURI_20",8,"repeat 1",NA,0
"MURI_21",24,"repeat 1","A",17
"MURI_21",24,"repeat 1","C",0
"MURI_21",24,"repeat 1","D",0
"MURI_21",24,"repeat 1","E",0
"MURI_21",24,"repeat 1","F",0
"MURI_21",24,"repeat 1","G",0
"MURI_21",24,"repeat 1","H",0
"MURI_21",24,"repeat 1","I",0
"MURI_21",24,"repeat 1","K",0
"MURI_21",24,"repeat 1","L",0
"MURI_21",24,"repeat 1","M",0
"MURI_21",24,"repeat 1","N",0
"MURI_21",24,"repeat 1","P",0
"MURI_21",24,"repeat 1","Q",0
"MURI_21",24,"repeat 1","R",0
"MURI_21",24,"repeat 1","S",115
"MURI_21",24,"repeat 1","T",15
"MURI_21",24,"repeat 1","V",0
"MURI_21",24,"repeat 1","W",0
"MURI_21",24,"repeat 1","Y",0
"MURI_21",24,"repeat 1",NA,0
"MURI_22",48,"repeat 1","A",19
"MURI_22",48,"repeat 1","C",0
"MURI_22",48,"repeat 1","D",0
"MURI_22",48,"repeat 1","E",0
"MURI_22",48,"repeat 1","F",0
"MURI_22",48,"repeat 1","G",0
"MURI_22",48,"repeat 1","H",0
"MURI_22",48,"repeat 1","I",0
"MURI_22",48,"repeat 1","K",0
"MURI_22",48,"repeat 1","L",0
"MURI_22",48,"repeat 1","M",0
"MURI_22",48,"repeat 1","N",0
"MURI_22",48,"repeat 1","P",0
"MURI_22",48,"repeat 1","Q",0
"MURI_22",48,"repeat 1","R",0
"MURI_22",48,"repeat 1","S",116
"MURI_22",48,"repeat 1","T",19
"MURI_22",48,"repeat 1","V",3
"MURI_22",48,"repeat 1","W",0
"MURI_22",48,"repeat 1","Y",0
"MURI_22",48,"repeat 1",NA,0
"MURI_23",168,"repeat 1","A",20
"MURI_23",168,"repeat 1","C",0
"MURI_23",168,"repeat 1","D",0
"MURI_23",168,"repeat 1","E",0
"MURI_23",168,"repeat 1","F",0
"MURI_23",168,"repeat 1","G",0
"MURI_23",168,"repeat 1","H",0
"MURI_23",168,"repeat 1","I",0
"MURI_23",168,"repeat 1","K",0
"MURI_23",168,"repeat 1","L",0
"MURI_23",168,"repeat 1","M",0
"MURI_23",168,"repeat 1","N",0
"MURI_23",168,"repeat 1","P",0
"MURI_23",168,"repeat 1","Q",0
"MURI_23",168,"repeat 1","R",0
"MURI_23",168,"repeat 1","S",103
"MURI_23",168,"repeat 1","T",22
"MURI_23",168,"repeat 1","V",1
"MURI_23",168,"repeat 1","W",0
"MURI_23",168,"repeat 1","Y",0
"MURI_23",168,"repeat 1",NA,0
"MURI_24",336,"repeat 1","A",16
"MURI_24",336,"repeat 1","C",0
"MURI_24",336,"repeat 1","D",0
"MURI_24",336,"repeat 1","E",0
"MURI_24",336,"repeat 1","F",0
"MURI_24",336,"repeat 1","G",0
"MURI_24",336,"repeat 1","H",0
"MURI_24",336,"repeat 1","I",0
"MURI_24",336,"repeat 1","K",0
"MURI_24",336,"repeat 1","L",0
"MURI_24",336,"repeat 1","M",0
"MURI_24",336,"repeat 1","N",0
"MURI_24",336,"repeat 1","P",0
"MURI_24",336,"repeat 1","Q",0
"MURI_24",336,"repeat 1","R",0
"MURI_24",336,"repeat 1","S",107
"MURI_24",336,"repeat 1","T",21
"MURI_24",336,"repeat 1","V",1
"MURI_24",336,"repeat 1","W",0
"MURI_24",336,"repeat 1","Y",0
"MURI_24",336,"repeat 1",NA,0
"MURI_25",3,"repeat 2","A",18
"MURI_25",3,"repeat 2","C",0
"MURI_25",3,"repeat 2","D",0
"MURI_25",3,"repeat 2","E",0
"MURI_25",3,"repeat 2","F",0
"MURI_25",3,"repeat 2","G",0
"MURI_25",3,"repeat 2","H",0
"MURI_25",3,"repeat 2","I",0
"MURI_25",3,"repeat 2","K",0
"MURI_25",3,"repeat 2","L",0
"MURI_25",3,"repeat 2","M",0
"MURI_25",3,"repeat 2","N",0
"MURI_25",3,"repeat 2","P",0
"MURI_25",3,"repeat 2","Q",0
"MURI_25",3,"repeat 2","R",0
"MURI_25",3,"repeat 2","S",50
"MURI_25",3,"repeat 2","T",4
"MURI_25",3,"repeat 2","V",0
"MURI_25",3,"repeat 2","W",0
"MURI_25",3,"repeat 2","Y",0
"MURI_25",3,"repeat 2",NA,0
"MURI_26",4,"repeat 2","A",19
"MURI_26",4,"repeat 2","C",0
"MURI_26",4,"repeat 2","D",0
"MURI_26",4,"repeat 2","E",0
"MURI_26",4,"repeat 2","F",0
"MURI_26",4,"repeat 2","G",0
"MURI_26",4,"repeat 2","H",0
"MURI_26",4,"repeat 2","I",0
"MURI_26",4,"repeat 2","K",0
"MURI_26",4,"repeat 2","L",0
"MURI_26",4,"repeat 2","M",0
"MURI_26",4,"repeat 2","N",0
"MURI_26",4,"repeat 2","P",0
"MURI_26",4,"repeat 2","Q",0
"MURI_26",4,"repeat 2","R",0
"MURI_26",4,"repeat 2","S",53
"MURI_26",4,"repeat 2","T",6
"MURI_26",4,"repeat 2","V",1
"MURI_26",4,"repeat 2","W",0
"MURI_26",4,"repeat 2","Y",0
"MURI_26",4,"repeat 2",NA,0
"MURI_27",5,"repeat 2","A",18
"MURI_27",5,"repeat 2","C",0
"MURI_27",5,"repeat 2","D",0
"MURI_27",5,"repeat 2","E",0
"MURI_27",5,"repeat 2","F",0
"MURI_27",5,"repeat 2","G",0
"MURI_27",5,"repeat 2","H",0
"MURI_27",5,"repeat 2","I",0
"MURI_27",5,"repeat 2","K",0
"MURI_27",5,"repeat 2","L",0
"MURI_27",5,"repeat 2","M",0
"MURI_27",5,"repeat 2","N",0
"MURI_27",5,"repeat 2","P",0
"MURI_27",5,"repeat 2","Q",0
"MURI_27",5,"repeat 2","R",0
"MURI_27",5,"repeat 2","S",59
"MURI_27",5,"repeat 2","T",0
"MURI_27",5,"repeat 2","V",0
"MURI_27",5,"repeat 2","W",0
"MURI_27",5,"repeat 2","Y",0
"MURI_27",5,"repeat 2",NA,0
"MURI_28",6,"repeat 2","A",19
"MURI_28",6,"repeat 2","C",0
"MURI_28",6,"repeat 2","D",0
"MURI_28",6,"repeat 2","E",0
"MURI_28",6,"repeat 2","F",0
"MURI_28",6,"repeat 2","G",0
"MURI_28",6,"repeat 2","H",0
"MURI_28",6,"repeat 2","I",0
"MURI_28",6,"repeat 2","K",0
"MURI_28",6,"repeat 2","L",0
"MURI_28",6,"repeat 2","M",0
"MURI_28",6,"repeat 2","N",0
"MURI_28",6,"repeat 2","P",0
"MURI_28",6,"repeat 2","Q",0
"MURI_28",6,"repeat 2","R",0
"MURI_28",6,"repeat 2","S",63
"MURI_28",6,"repeat 2","T",0
"MURI_28",6,"repeat 2","V",1
"MURI_28",6,"repeat 2","W",0
"MURI_28",6,"repeat 2","Y",0
"MURI_28",6,"repeat 2",NA,0
"MURI_29",8,"repeat 2","A",12
"MURI_29",8,"repeat 2","C",0
"MURI_29",8,"repeat 2","D",0
"MURI_29",8,"repeat 2","E",0
"MURI_29",8,"repeat 2","F",0
"MURI_29",8,"repeat 2","G",0
"MURI_29",8,"repeat 2","H",0
"MURI_29",8,"repeat 2","I",0
"MURI_29",8,"repeat 2","K",0
"MURI_29",8,"repeat 2","L",0
"MURI_29",8,"repeat 2","M",0
"MURI_29",8,"repeat 2","N",0
"MURI_29",8,"repeat 2","P",0
"MURI_29",8,"repeat 2","Q",0
"MURI_29",8,"repeat 2","R",0
"MURI_29",8,"repeat 2","S",70
"MURI_29",8,"repeat 2","T",0
"MURI_29",8,"repeat 2","V",1
"MURI_29",8,"repeat 2","W",0
"MURI_29",8,"repeat 2","Y",0
"MURI_29",8,"repeat 2",NA,0
"MURI_30",24,"repeat 2","A",19
"MURI_30",24,"repeat 2","C",0
"MURI_30",24,"repeat 2","D",0
"MURI_30",24,"repeat 2","E",0
"MURI_30",24,"repeat 2","F",0
"MURI_30",24,"repeat 2","G",0
"MURI_30",24,"repeat 2","H",0
"MURI_30",24,"repeat 2","I",0
"MURI_30",24,"repeat 2","K",0
"MURI_30",24,"repeat 2","L",0
"MURI_30",24,"repeat 2","M",0
"MURI_30",24,"repeat 2","N",0
"MURI_30",24,"repeat 2","P",0
"MURI_30",24,"repeat 2","Q",0
"MURI_30",24,"repeat 2","R",0
"MURI_30",24,"repeat 2","S",105
"MURI_30",24,"repeat 2","T",19
"MURI_30",24,"repeat 2","V",0
"MURI_30",24,"repeat 2","W",0
"MURI_30",24,"repeat 2","Y",0
"MURI_30",24,"repeat 2",NA,0
"MURI_31",48,"repeat 2","A",22
"MURI_31",48,"repeat 2","C",0
"MURI_31",48,"repeat 2","D",0
"MURI_31",48,"repeat 2","E",0
"MURI_31",48,"repeat 2","F",0
"MURI_31",48,"repeat 2","G",0
"MURI_31",48,"repeat 2","H",0
"MURI_31",48,"repeat 2","I",0
"MURI_31",48,"repeat 2","K",0
"MURI_31",48,"repeat 2","L",0
"MURI_31",48,"repeat 2","M",0
"MURI_31",48,"repeat 2","N",0
"MURI_31",48,"repeat 2","P",0
"MURI_31",48,"repeat 2","Q",0
"MURI_31",48,"repeat 2","R",0
"MURI_31",48,"repeat 2","S",123
"MURI_31",48,"repeat 2","T",16
"MURI_31",48,"repeat 2","V",1
"MURI_31",48,"repeat 2","W",0
"MURI_31",48,"repeat 2","Y",0
"MURI_31",48,"repeat 2",NA,0
"MURI_32",168,"repeat 2","A",24
"MURI_32",168,"repeat 2","C",0
"MURI_32",168,"repeat 2","D",0
"MURI_32",168,"repeat 2","E",0
"MURI_32",168,"repeat 2","F",0
"MURI_32",168,"repeat 2","G",0
"MURI_32",168,"repeat 2","H",0
"MURI_32",168,"repeat 2","I",0
"MURI_32",168,"repeat 2","K",0
"MURI_32",168,"repeat 2","L",0
"MURI_32",168,"repeat 2","M",0
"MURI_32",168,"repeat 2","N",0
"MURI_32",168,"repeat 2","P",0
"MURI_32",168,"repeat 2","Q",0
"MURI_32",168,"repeat 2","R",0
"MURI_32",168,"repeat 2","S",117
"MURI_32",168,"repeat 2","T",22
"MURI_32",168,"repeat 2","V",1
"MURI_32",168,"repeat 2","W",0
"MURI_32",168,"repeat 2","Y",0
"MURI_32",168,"repeat 2",NA,0
"MURI_33",336,"repeat 2","A",26
"MURI_33",336,"repeat 2","C",0
"MURI_33",336,"repeat 2","D",0
"MURI_33",336,"repeat 2","E",0
"MURI_33",336,"repeat 2","F",0
"MURI_33",336,"repeat 2","G",0
"MURI_33",336,"repeat 2","H",0
"MURI_33",336,"repeat 2","I",0
"MURI_33",336,"repeat 2","K",0
"MURI_33",336,"repeat 2","L",0
"MURI_33",336,"repeat 2","M",0
"MURI_33",336,"repeat 2","N",0
"MURI_33",336,"repeat 2","P",0
"MURI_33",336,"repeat 2","Q",0
"MURI_33",336,"repeat 2","R",0
"MURI_33",336,"repeat 2","S",100
"MURI_33",336,"repeat 2","T",20
"MURI_33",336,"repeat 2","V",1
"MURI_33",336,"repeat 2","W",0
"MURI_33",336,"repeat 2","Y",0
"MURI_33",336,"repeat 2",NA,0
"MURI_97",3,"repeat 3","A",14
"MURI_97",3,"repeat 3","C",0
"MURI_97",3,"repeat 3","D",0
"MURI_97",3,"repeat 3","E",0
"MURI_97",3,"repeat 3","F",0
"MURI_97",3,"repeat 3","G",0
"MURI_97",3,"repeat 3","H",0
"MURI_97",3,"repeat 3","I",0
"MURI_97",3,"repeat 3","K",0
"MURI_97",3,"repeat 3","L",0
"MURI_97",3,"repeat 3","M",0
"MURI_97",3,"repeat 3","N",0
"MURI_97",3,"repeat 3","P",0
"MURI_97",3,"repeat 3","Q",0
"MURI_97",3,"repeat 3","R",0
"MURI_97",3,"repeat 3","S",59
"MURI_97",3,"repeat 3","T",6
"MURI_97",3,"repeat 3","V",0
"MURI_97",3,"repeat 3","W",0
"MURI_97",3,"repeat 3","Y",0
"MURI_97",3,"repeat 3",NA,0
"MURI_98",4,"repeat 3","A",12
"MURI_98",4,"repeat 3","C",0
"MURI_98",4,"repeat 3","D",0
"MURI_98",4,"repeat 3","E",0
"MURI_98",4,"repeat 3","F",0
"MURI_98",4,"repeat 3","G",0
"MURI_98",4,"repeat 3","H",0
"MURI_98",4,"repeat 3","I",0
"MURI_98",4,"repeat 3","K",0
"MURI_98",4,"repeat 3","L",0
"MURI_98",4,"repeat 3","M",0
"MURI_98",4,"repeat 3","N",0
"MURI_98",4,"repeat 3","P",0
"MURI_98",4,"repeat 3","Q",0
"MURI_98",4,"repeat 3","R",0
"MURI_98",4,"repeat 3","S",65
"MURI_98",4,"repeat 3","T",5
"MURI_98",4,"repeat 3","V",0
"MURI_98",4,"repeat 3","W",0
"MURI_98",4,"repeat 3","Y",0
"MURI_98",4,"repeat 3",NA,0
"MURI_99",5,"repeat 3","A",10
"MURI_99",5,"repeat 3","C",0
"MURI_99",5,"repeat 3","D",0
"MURI_99",5,"repeat 3","E",0
"MURI_99",5,"repeat 3","F",0
"MURI_99",5,"repeat 3","G",0
"MURI_99",5,"repeat 3","H",0
"MURI_99",5,"repeat 3","I",0
"MURI_99",5,"repeat 3","K",0
"MURI_99",5,"repeat 3","L",0
"MURI_99",5,"repeat 3","M",0
"MURI_99",5,"repeat 3","N",0
"MURI_99",5,"repeat 3","P",0
"MURI_99",5,"repeat 3","Q",0
"MURI_99",5,"repeat 3","R",0
"MURI_99",5,"repeat 3","S",77
"MURI_99",5,"repeat 3","T",4
"MURI_99",5,"repeat 3","V",0
"MURI_99",5,"repeat 3","W",0
"MURI_99",5,"repeat 3","Y",0
"MURI_99",5,"repeat 3",NA,0
"MURI_100",6,"repeat 3","A",10
"MURI_100",6,"repeat 3","C",0
"MURI_100",6,"repeat 3","D",0
"MURI_100",6,"repeat 3","E",0
"MURI_100",6,"repeat 3","F",0
"MURI_100",6,"repeat 3","G",0
"MURI_100",6,"repeat 3","H",0
"MURI_100",6,"repeat 3","I",0
"MURI_100",6,"repeat 3","K",0
"MURI_100",6,"repeat 3","L",0
"MURI_100",6,"repeat 3","M",0
"MURI_100",6,"repeat 3","N",0
"MURI_100",6,"repeat 3","P",0
"MURI_100",6,"repeat 3","Q",0
"MURI_100",6,"repeat 3","R",0
"MURI_100",6,"repeat 3","S",63
"MURI_100",6,"repeat 3","T",4
"MURI_100",6,"repeat 3","V",0
"MURI_100",6,"repeat 3","W",0
"MURI_100",6,"repeat 3","Y",0
"MURI_100",6,"repeat 3",NA,0
"MURI_101",8,"repeat 3","A",9
"MURI_101",8,"repeat 3","C",0
"MURI_101",8,"repeat 3","D",0
"MURI_101",8,"repeat 3","E",0
"MURI_101",8,"repeat 3","F",0
"MURI_101",8,"repeat 3","G",0
"MURI_101",8,"repeat 3","H",0
"MURI_101",8,"repeat 3","I",0
"MURI_101",8,"repeat 3","K",0
"MURI_101",8,"repeat 3","L",0
"MURI_101",8,"repeat 3","M",0
"MURI_101",8,"repeat 3","N",0
"MURI_101",8,"repeat 3","P",0
"MURI_101",8,"repeat 3","Q",0
"MURI_101",8,"repeat 3","R",0
"MURI_101",8,"repeat 3","S",78
"MURI_101",8,"repeat 3","T",2
"MURI_101",8,"repeat 3","V",1
"MURI_101",8,"repeat 3","W",0
"MURI_101",8,"repeat 3","Y",0
"MURI_101",8,"repeat 3",NA,0
"MURI_102",24,"repeat 3","A",15
"MURI_102",24,"repeat 3","C",0
"MURI_102",24,"repeat 3","D",0
"MURI_102",24,"repeat 3","E",0
"MURI_102",24,"repeat 3","F",0
"MURI_102",24,"repeat 3","G",0
"MURI_102",24,"repeat 3","H",0
"MURI_102",24,"repeat 3","I",0
"MURI_102",24,"repeat 3","K",0
"MURI_102",24,"repeat 3","L",0
"MURI_102",24,"repeat 3","M",0
"MURI_102",24,"repeat 3","N",0
"MURI_102",24,"repeat 3","P",0
"MURI_102",24,"repeat 3","Q",0
"MURI_102",24,"repeat 3","R",0
"MURI_102",24,"repeat 3","S",96
"MURI_102",24,"repeat 3","T",9
"MURI_102",24,"repeat 3","V",1
"MURI_102",24,"repeat 3","W",0
"MURI_102",24,"repeat 3","Y",0
"MURI_102",24,"repeat 3",NA,0
"MURI_103",48,"repeat 3","A",24
"MURI_103",48,"repeat 3","C",0
"MURI_103",48,"repeat 3","D",0
"MURI_103",48,"repeat 3","E",0
"MURI_103",48,"repeat 3","F",0
"MURI_103",48,"repeat 3","G",0
"MURI_103",48,"repeat 3","H",0
"MURI_103",48,"repeat 3","I",0
"MURI_103",48,"repeat 3","K",0
"MURI_103",48,"repeat 3","L",0
"MURI_103",48,"repeat 3","M",0
"MURI_103",48,"repeat 3","N",0
"MURI_103",48,"repeat 3","P",0
"MURI_103",48,"repeat 3","Q",0
"MURI_103",48,"repeat 3","R",0
"MURI_103",48,"repeat 3","S",90
"MURI_103",48,"repeat 3","T",6
"MURI_103",48,"repeat 3","V",0
"MURI_103",48,"repeat 3","W",0
"MURI_103",48,"repeat 3","Y",0
"MURI_103",48,"repeat 3",NA,0
"MURI_104",168,"repeat 3","A",21
"MURI_104",168,"repeat 3","C",0
"MURI_104",168,"repeat 3","D",0
"MURI_104",168,"repeat 3","E",0
"MURI_104",168,"repeat 3","F",0
"MURI_104",168,"repeat 3","G",0
"MURI_104",168,"repeat 3","H",0
"MURI_104",168,"repeat 3","I",0
"MURI_104",168,"repeat 3","K",0
"MURI_104",168,"repeat 3","L",0
"MURI_104",168,"repeat 3","M",0
"MURI_104",168,"repeat 3","N",0
"MURI_104",168,"repeat 3","P",0
"MURI_104",168,"repeat 3","Q",0
"MURI_104",168,"repeat 3","R",0
"MURI_104",168,"repeat 3","S",104
"MURI_104",168,"repeat 3","T",17
"MURI_104",168,"repeat 3","V",1
"MURI_104",168,"repeat 3","W",0
"MURI_104",168,"repeat 3","Y",0
"MURI_104",168,"repeat 3",NA,0
"MURI_105",336,"repeat 3","A",23
"MURI_105",336,"repeat 3","C",0
"MURI_105",336,"repeat 3","D",0
"MURI_105",336,"repeat 3","E",0
"MURI_105",336,"repeat 3","F",0
"MURI_105",336,"repeat 3","G",0
"MURI_105",336,"repeat 3","H",0
"MURI_105",336,"repeat 3","I",0
"MURI_105",336,"repeat 3","K",1
"MURI_105",336,"repeat 3","L",0
"MURI_105",336,"repeat 3","M",0
"MURI_105",336,"repeat 3","N",0
"MURI_105",336,"repeat 3","P",0
"MURI_105",336,"repeat 3","Q",0
"MURI_105",336,"repeat 3","R",0
"MURI_105",336,"repeat 3","S",103
"MURI_105",336,"repeat 3","T",27
"MURI_105",336,"repeat 3","V",0
"MURI_105",336,"repeat 3","W",0
"MURI_105",336,"repeat 3","Y",0
"MURI_105",336,"repeat 3",NA,0
